P,N,wall_s,comm_max_s
1,500,2.942381,0.001102
4,864,3.104557,0.212843
8,1372,3.356904,0.401279
16,2048,3.742118,0.687944
32,2916,4.611287,1.284772
