P,N,reps,median_rep,median_wall_s,median_comm_max_s,q1_wall_s,q3_wall_s,iqr_wall_s,min_wall_s,max_wall_s
1,2048,11,5,45.964284,0.001237,45.939541,45.993862,0.054321,45.924469,46.016555
2,2048,11,4,23.148061,0.244091,23.125517,23.178700,0.053183,23.092372,23.225670
4,2048,11,6,12.002224,0.660859,11.955384,12.046293,0.090909,11.907580,12.079985
8,2048,11,7,6.089443,0.554423,6.069468,6.114131,0.044663,6.065060,6.256730
16,2048,11,6,3.213709,0.367247,3.198008,3.250974,0.052966,3.196786,3.441516
24,2048,11,11,2.366625,0.318543,2.363009,2.379657,0.016648,2.353353,2.632289
32,2048,11,5,1.905649,0.289675,1.898566,1.915836,0.017270,1.897334,2.170807
