P,N,wall_s,comm_max_s
1,2048,45.964284,0.001237
2,2048,23.148061,0.244091
4,2048,12.002224,0.660859
8,2048,6.089443,0.554423
16,2048,3.213709,0.367247
24,2048,2.366625,0.318543
32,2048,1.905649,0.289675
